{"services":[{"serviceType":"Transmission","description":"","commands":[{"commandName":"CLOUDREQ","paras":[{"paraName":"cmdType","dataType":"int","required":true,"min":"0","max":"255","step":0.0,"maxLength":0,"unit":null,"enumList":null},{"paraName":"downData","dataType":"string","required":true,"min":"1","max":"2147483646","step":0.0,"maxLength":200,"unit":"null","enumList":null}],"responses":null}],"properties":[{"propertyName":"upData","dataType":"string","required":true,"min":"1","max":"2147483646","step":0.0,"maxLength":200,"method":"R","unit":"null","enumList":null}],"events":[]}]}